-- ============================================================================
-- SAMPLE DATA FOR ENT칄RATE.LO DATABASE
-- ============================================================================
-- This file contains realistic sample data for testing and development
-- Run this after creating the main schema
-- ============================================================================

USE enteratelo_db;

-- ============================================================================
-- SAMPLE USERS
-- ============================================================================

INSERT INTO users (email, username, first_name, last_name, is_subscriber, subscription_tier) VALUES
('juan.perez@email.com', 'juanp', 'Juan', 'P칠rez', TRUE, 'premium'),
('maria.lopez@email.com', 'marial', 'Mar칤a', 'L칩pez', TRUE, 'free'),
('carlos.ruiz@email.com', 'carlosr', 'Carlos', 'Ruiz', FALSE, 'free'),
('ana.martinez@email.com', 'anam', 'Ana', 'Mart칤nez', TRUE, 'vip'),
('pedro.gonzalez@email.com', 'pedrog', 'Pedro', 'Gonz치lez', TRUE, 'free');

-- ============================================================================
-- SAMPLE ARTICLES
-- ============================================================================

INSERT INTO articles (
    title, slug, excerpt, content, category_id, author_id,
    meta_title, meta_description, featured_image_url,
    status, published_at, is_featured, is_trending,
    view_count, like_count, estimated_read_time, word_count, tags
) VALUES
(
    'El Real Madrid ficha a la nueva estrella del f칰tbol mundial',
    'real-madrid-ficha-nueva-estrella-futbol',
    'El club merengue anuncia la incorporaci칩n de uno de los jugadores m치s prometedores de la temporada.',
    '<h2>Una incorporaci칩n hist칩rica</h2><p>El Real Madrid ha confirmado oficialmente la contrataci칩n de la nueva sensaci칩n del f칰tbol mundial. El jugador, de tan solo 22 a침os, llega procedente de una de las mejores ligas europeas tras una temporada espectacular.</p><h3>Los n칰meros hablan por s칤 solos</h3><p>Con 25 goles en 30 partidos la temporada pasada, el nuevo fichaje promete revolucionar el ataque madridista. Su versatilidad para jugar en varias posiciones lo convierte en una pieza clave para el esquema de Ancelotti.</p><blockquote>Este fichaje marca un antes y un despu칠s en nuestra historia reciente</blockquote><p>La operaci칩n, valorada en 120 millones de euros, convierte al jugador en el fichaje m치s caro de la historia del club. Los aficionados ya muestran su entusiasmo en las redes sociales.</p>',
    1, 1,
    'Real Madrid ficha nueva estrella | Ent칠rate.lo',
    'El Real Madrid anuncia la incorporaci칩n de la nueva sensaci칩n del f칰tbol mundial por 120 millones de euros.',
    'https://images.unsplash.com/photo-1574629810360-7efbbe195018?w=800',
    'published', '2024-07-20 10:00:00', TRUE, TRUE,
    15420, 342, 4, 850, 
    '["Real Madrid", "fichajes", "f칰tbol", "Champions League", "LaLiga"]'
),
(
    'Inteligencia Artificial: La revoluci칩n que est치 transformando el periodismo',
    'inteligencia-artificial-revolucion-periodismo',
    'Descubre c칩mo la IA est치 cambiando la forma en que se crean, editan y distribuyen las noticias en todo el mundo.',
    '<h2>El futuro del periodismo ya est치 aqu칤</h2><p>La inteligencia artificial est치 revolucionando la industria del periodismo de maneras que parec칤an impensables hace apenas una d칠cada. Desde la automatizaci칩n de noticias deportivas hasta la personalizaci칩n del contenido, la IA se ha convertido en una herramienta indispensable.</p><h3>Aplicaciones actuales</h3><p>Las redacciones de todo el mundo ya utilizan algoritmos para generar informes financieros, res칰menes deportivos y alertas meteorol칩gicas. Estos sistemas pueden procesar miles de datos en segundos y crear art칤culos coherentes y precisos.</p><p>Sin embargo, la IA no solo automatiza tareas repetitivas. Tambi칠n ayuda a los periodistas a investigar, verificar fuentes y detectar noticias falsas con mayor eficacia que nunca.</p><blockquote>La IA no reemplaza al periodista, lo potencia</blockquote><p>Los expertos coinciden en que el futuro del periodismo ser치 una colaboraci칩n entre humanos y m치quinas, donde cada uno aporte sus fortalezas 칰nicas.</p>',
    2, 2,
    'IA en el Periodismo: Revoluci칩n Digital | Ent칠rate.lo',
    'C칩mo la inteligencia artificial est치 transformando la creaci칩n, edici칩n y distribuci칩n de noticias.',
    'https://images.unsplash.com/photo-1677442136019-21780ecad995?w=800',
    'published', '2024-07-19 14:30:00', TRUE, FALSE,
    8930, 189, 6, 1200,
    '["IA", "periodismo", "tecnolog칤a", "automatizaci칩n", "futuro"]'
),
(
    'Netflix estrena la serie m치s esperada del a침o',
    'netflix-estrena-serie-mas-esperada-ano',
    'La plataforma de streaming presenta su nueva producci칩n original que promete ser el fen칩meno televisivo de 2024.',
    '<h2>Un estreno sin precedentes</h2><p>Netflix acaba de lanzar su producci칩n m치s ambiciosa del a침o: una serie de ciencia ficci칩n que combina drama, acci칩n y efectos visuales de 칰ltima generaci칩n. Con un presupuesto de 200 millones de d칩lares, la serie promete competir con las grandes producciones cinematogr치ficas.</p><h3>Reparto estelar</h3><p>La serie cuenta con un reparto de lujo encabezado por actores ganadores del Oscar. La qu칤mica entre los protagonistas y la complejidad de los personajes han sido elogiadas por la cr칤tica especializada.</p><p>Los primeros episodios ya est치n disponibles en la plataforma, y las redes sociales no han tardado en llenarse de teor칤as y especulaciones sobre el desarrollo de la trama.</p><blockquote>Una obra maestra de la televisi칩n moderna</blockquote><p>Los cr칤ticos han destacado la calidad de la producci칩n, compar치ndola con grandes 칠xitos como "Stranger Things" y "The Crown".</p>',
    4, 3,
    'Netflix Serie M치s Esperada 2024 | Ent칠rate.lo',
    'Netflix presenta su nueva serie de ciencia ficci칩n con presupuesto de 200 millones de d칩lares.',
    'https://images.unsplash.com/photo-1522869635100-9f4c5e86aa37?w=800',
    'published', '2024-07-18 16:45:00', FALSE, TRUE,
    12650, 256, 5, 980,
    '["Netflix", "series", "streaming", "ciencia ficci칩n", "entretenimiento"]'
),
(
    'Descubren nueva especie marina en las profundidades del Pac칤fico',
    'descubren-nueva-especie-marina-pacifico',
    'Cient칤ficos internacionales anuncian el hallazgo de una fascinante criatura que podr칤a revolucionar nuestro entendimiento de la vida oce치nica.',
    '<h2>Un hallazgo extraordinario</h2><p>Un equipo internacional de bi칩logos marinos ha descubierto una nueva especie en las profundidades del Oc칠ano Pac칤fico. La criatura, que habita a m치s de 3.000 metros de profundidad, presenta caracter칤sticas 칰nicas que desaf칤an las teor칤as actuales sobre la evoluci칩n marina.</p><h3>Caracter칤sticas 칰nicas</h3><p>El nuevo organismo posee capacidades bioluminiscentes extraordinarias y un sistema de comunicaci칩n que utiliza frecuencias sonoras nunca antes documentadas. Los investigadores creen que esta especie podr칤a haber evolucionado de forma completamente aislada durante millones de a침os.</p><p>El descubrimiento fue posible gracias a las nuevas tecnolog칤as de exploraci칩n submarina que permiten alcanzar profundidades antes inaccesibles para la investigaci칩n cient칤fica.</p><blockquote>Este hallazgo reescribe los libros de biolog칤a marina</blockquote><p>Los cient칤ficos contin칰an estudiando la especie para comprender mejor su papel en el ecosistema oce치nico profundo.</p>',
    4, 4,
    'Nueva Especie Marina Descubierta | Ent칠rate.lo',
    'Cient칤ficos descubren fascinante criatura marina a 3.000 metros de profundidad en el Pac칤fico.',
    'https://images.unsplash.com/photo-1583212292454-1fe6229603b7?w=800',
    'published', '2024-07-17 11:20:00', FALSE, FALSE,
    6780, 123, 7, 1350,
    '["ciencia", "oc칠ano", "descubrimiento", "biolog칤a marina", "investigaci칩n"]'
),
(
    'Tendencias de moda sostenible que marcar치n el oto침o 2024',
    'tendencias-moda-sostenible-otono-2024',
    'La industria de la moda abraza la sostenibilidad con nuevas tendencias que combinan estilo y responsabilidad ambiental.',
    '<h2>Moda con conciencia</h2><p>La sostenibilidad se ha convertido en el tema central de la moda para la temporada oto침o 2024. Las principales marcas internacionales han presentado colecciones que priorizan materiales reciclados, procesos de producci칩n 칠ticos y dise침os atemporales.</p><h3>Materiales innovadores</h3><p>Los dise침adores est치n experimentando con tejidos creados a partir de algas marinas, fibras de pi침a y algod칩n org치nico. Estos materiales no solo son respetuosos con el medio ambiente, sino que tambi칠n ofrecen propiedades 칰nicas como mayor durabilidad y confort.</p><p>Las paletas de colores se inspiran en tonos terrosos y naturales, reflejando la conexi칩n con la naturaleza que caracteriza esta nueva era de la moda.</p><blockquote>La moda sostenible no es una tendencia, es el futuro</blockquote><p>Los consumidores cada vez m치s conscientes est치n impulsando este cambio hacia una industria m치s responsable.</p>',
    5, 1,
    'Moda Sostenible Oto침o 2024 | Ent칠rate.lo',
    'Descubre las tendencias de moda sostenible que dominar치n el oto침o con materiales innovadores y dise침os 칠ticos.',
    'https://images.unsplash.com/photo-1483985988355-763728e1935b?w=800',
    'published', '2024-07-16 09:15:00', FALSE, FALSE,
    4560, 89, 4, 820,
    '["moda", "sostenibilidad", "oto침o 2024", "tendencias", "eco-friendly"]'
);

-- ============================================================================
-- SAMPLE COMMENTS
-- ============================================================================

INSERT INTO comments (article_id, user_id, author_name, author_email, content, status) VALUES
(1, 1, 'Juan P칠rez', 'juan.perez@email.com', '춰Incre칤ble fichaje! El Real Madrid sigue apostando por los mejores talentos del mundo. Seguro que ser치 una temporada espectacular.', 'approved'),
(1, 2, 'Mar칤a L칩pez', 'maria.lopez@email.com', 'Me parece una inversi칩n muy alta, pero si rinde como en su anterior equipo, ser치 una gran incorporaci칩n.', 'approved'),
(1, NULL, 'Fan치tico Madridista', 'fan@email.com', '춰HALA MADRID! Ya tengo ganas de ver el primer partido con el nuevo fichaje.', 'approved'),
(2, 3, 'Carlos Ruiz', 'carlos.ruiz@email.com', 'Muy interesante el art칤culo sobre IA. Como programador, veo mucho potencial en estas tecnolog칤as para el periodismo.', 'approved'),
(2, 4, 'Ana Mart칤nez', 'ana.martinez@email.com', 'Me preocupa un poco que la IA pueda reemplazar a los periodistas humanos. 쯈u칠 opinan?', 'approved'),
(3, 5, 'Pedro Gonz치lez', 'pedro.gonzalez@email.com', 'Ya la vi completa y puedo confirmar que est치 espectacular. Netflix se ha superado esta vez.', 'approved'),
(3, 1, 'Juan P칠rez', 'juan.perez@email.com', 'Sin spoilers por favor! La voy a empezar este fin de semana.', 'approved');

-- ============================================================================
-- SAMPLE LIKES
-- ============================================================================

INSERT INTO user_likes (user_id, article_id) VALUES
(1, 1), (1, 2), (1, 3),
(2, 1), (2, 4), (2, 5),
(3, 2), (3, 3), (3, 4),
(4, 1), (4, 3), (4, 5),
(5, 2), (5, 3), (5, 4);

-- ============================================================================
-- SAMPLE NEWSLETTER SUBSCRIBERS
-- ============================================================================

INSERT INTO newsletter_subscribers (email, user_id, categories, frequency, status, verified) VALUES
('juan.perez@email.com', 1, '[1, 2]', 'weekly', 'active', TRUE),
('maria.lopez@email.com', 2, '[1, 4, 5]', 'daily', 'active', TRUE),
('carlos.ruiz@email.com', 3, '[2]', 'weekly', 'active', TRUE),
('ana.martinez@email.com', 4, '[3, 4, 5]', 'monthly', 'active', TRUE),
('newsletter@example.com', NULL, '[1, 2, 3, 4, 5, 6]', 'weekly', 'active', TRUE);

-- ============================================================================
-- SAMPLE SPORTS MATCHES
-- ============================================================================

INSERT INTO sports_matches (
    league, home_team_name, home_team_logo, home_team_score,
    away_team_name, away_team_logo, away_team_score,
    status, match_time, venue, scheduled_at
) VALUES
('Primera Divisi칩n', 'Real Madrid', '游녬', 2, 'FC Barcelona', '游댯', 1, 'finished', 'FT', 'Santiago Bernab칠u', '2024-07-20 16:00:00'),
('Liga MX', 'Club Am칠rica', '游분', NULL, 'Chivas', '游냃', NULL, 'live', '67\'', 'Estadio Azteca', '2024-07-20 19:00:00'),
('Premier League', 'Manchester City', '游댯', NULL, 'Liverpool', '游댮', NULL, 'scheduled', '15:30', 'Etihad Stadium', '2024-07-21 15:30:00'),
('Champions League', 'PSG', '游댮', 1, 'Bayern Munich', '游댮', 3, 'finished', 'FT', 'Parc des Princes', '2024-07-19 20:00:00');

-- ============================================================================
-- SAMPLE LIVE UPDATES
-- ============================================================================

INSERT INTO live_updates (title, type, time_label, is_active, sort_order) VALUES
('칔LTIMA HORA: Terremoto de magnitud 6.2 en la costa del Pac칤fico', 'breaking', 'AHORA', TRUE, 1),
('Gol de 칰ltimo minuto en el cl치sico Real Madrid vs Barcelona', 'sports', '90+3\'', TRUE, 2),
('Lluvia intensa prevista para esta tarde en la Ciudad de M칠xico', 'weather', '14:30', TRUE, 3),
('Cierre parcial de la autopista M칠xico-Toluca por obras', 'traffic', '12:00', TRUE, 4),
('El Banco Central anuncia nueva pol칤tica monetaria', 'general', '11:45', TRUE, 5);

-- ============================================================================
-- SAMPLE POLLS
-- ============================================================================

INSERT INTO polls (question, description, is_active, starts_at, ends_at) VALUES
('쮺u치l crees que ser치 el mejor fichaje de la temporada?', 'Vota por el fichaje que crees que tendr치 mayor impacto en su nuevo equipo', TRUE, '2024-07-20 00:00:00', '2024-07-27 23:59:59'),
('쯈u칠 opinas sobre el uso de IA en el periodismo?', 'Comparte tu perspectiva sobre la integraci칩n de inteligencia artificial en los medios', TRUE, '2024-07-15 00:00:00', '2024-07-30 23:59:59');

INSERT INTO poll_options (poll_id, text, vote_count, sort_order) VALUES
(1, 'Nuevo fichaje del Real Madrid', 156, 1),
(1, 'Estrella del Barcelona', 89, 2),
(1, 'Refuerzo del Manchester City', 67, 3),
(1, 'Incorporaci칩n del PSG', 43, 4),
(2, 'Es una herramienta 칰til que mejora el periodismo', 234, 1),
(2, 'Me preocupa que reemplace a los periodistas humanos', 178, 2),
(2, 'Deber칤a usarse solo para tareas b치sicas', 145, 3),
(2, 'No tengo una opini칩n formada', 56, 4);

-- ============================================================================
-- SAMPLE VIDEOS
-- ============================================================================

INSERT INTO videos (
    title, slug, description, video_url, thumbnail_url,
    duration_seconds, video_type, external_id, category_id, author_id,
    status, published_at, view_count, tags
) VALUES
(
    'Resumen: Los mejores goles de la jornada',
    'resumen-mejores-goles-jornada',
    'Disfruta de los goles m치s espectaculares de la 칰ltima jornada de f칰tbol',
    'https://www.youtube.com/watch?v=example1',
    'https://images.unsplash.com/photo-1574629810360-7efbbe195018?w=800',
    180, 'youtube', 'example1', 1, 1,
    'published', '2024-07-20 18:00:00', 5420,
    '["f칰tbol", "goles", "resumen", "jornada"]'
),
(
    'Tutorial: C칩mo funciona la inteligencia artificial',
    'tutorial-como-funciona-inteligencia-artificial',
    'Explicaci칩n sencilla sobre los conceptos b치sicos de la IA',
    'https://www.youtube.com/watch?v=example2',
    'https://images.unsplash.com/photo-1677442136019-21780ecad995?w=800',
    480, 'youtube', 'example2', 2, 2,
    'published', '2024-07-19 12:00:00', 3210,
    '["IA", "tutorial", "tecnolog칤a", "educaci칩n"]'
),
(
    'Behind the scenes: Nueva serie de Netflix',
    'behind-scenes-nueva-serie-netflix',
    'Detr치s de c치maras de la producci칩n m치s ambiciosa de Netflix',
    'https://www.youtube.com/watch?v=example3',
    'https://images.unsplash.com/photo-1522869635100-9f4c5e86aa37?w=800',
    360, 'youtube', 'example3', 4, 3,
    'published', '2024-07-18 20:00:00', 7890,
    '["Netflix", "behind the scenes", "series", "producci칩n"]'
);

-- ============================================================================
-- SAMPLE ARTICLE VIEWS (for analytics)
-- ============================================================================

INSERT INTO article_views (
    article_id, user_id, session_id, ip_address, referrer,
    device_type, country, time_spent, scroll_depth, viewed_at
) VALUES
(1, 1, 'session_001', '192.168.1.1', 'https://google.com', 'desktop', 'MX', 240, 85.5, '2024-07-20 10:15:00'),
(1, 2, 'session_002', '192.168.1.2', 'https://facebook.com', 'mobile', 'MX', 180, 70.2, '2024-07-20 10:30:00'),
(1, NULL, 'session_003', '192.168.1.3', 'https://twitter.com', 'tablet', 'US', 156, 92.1, '2024-07-20 11:00:00'),
(2, 3, 'session_004', '192.168.1.4', 'direct', 'desktop', 'MX', 420, 95.8, '2024-07-19 14:45:00'),
(2, 4, 'session_005', '192.168.1.5', 'https://linkedin.com', 'mobile', 'ES', 380, 88.3, '2024-07-19 15:20:00'),
(3, 5, 'session_006', '192.168.1.6', 'https://instagram.com', 'desktop', 'MX', 210, 76.4, '2024-07-18 17:10:00');

-- ============================================================================
-- SAMPLE SOCIAL SHARES
-- ============================================================================

INSERT INTO social_shares (article_id, platform, user_id, session_id) VALUES
(1, 'facebook', 1, 'session_001'),
(1, 'twitter', 2, 'session_002'),
(1, 'whatsapp', NULL, 'session_003'),
(2, 'linkedin', 3, 'session_004'),
(2, 'twitter', 4, 'session_005'),
(3, 'instagram', 5, 'session_006'),
(3, 'facebook', 1, 'session_007');

-- ============================================================================
-- FINAL STATISTICS UPDATE
-- ============================================================================

-- Update article counters to match sample data
CALL UpdateArticleCounters(1);
CALL UpdateArticleCounters(2);
CALL UpdateArticleCounters(3);
CALL UpdateArticleCounters(4);
CALL UpdateArticleCounters(5);

-- ============================================================================
-- VERIFICATION QUERIES
-- ============================================================================

-- Verify data insertion
SELECT 'Categories' as table_name, COUNT(*) as count FROM categories
UNION ALL
SELECT 'Authors', COUNT(*) FROM authors
UNION ALL
SELECT 'Articles', COUNT(*) FROM articles
UNION ALL
SELECT 'Users', COUNT(*) FROM users
UNION ALL
SELECT 'Comments', COUNT(*) FROM comments
UNION ALL
SELECT 'Videos', COUNT(*) FROM videos
UNION ALL
SELECT 'Sports Matches', COUNT(*) FROM sports_matches
UNION ALL
SELECT 'Live Updates', COUNT(*) FROM live_updates
UNION ALL
SELECT 'Polls', COUNT(*) FROM polls
UNION ALL
SELECT 'Newsletter Subscribers', COUNT(*) FROM newsletter_subscribers;

SELECT 'Sample data inserted successfully!' as status;
